{"0":"Wall","1":"instanceListItem2_20","2":3,"3":60,"4":3,"5":14,"6":0,"7":[0,0,0,"1"],"8":"Wall","9":"instanceListItem2_21","10":9,"11":54,"12":15,"13":3,"14":0,"15":[0,0,0,"1"],"16":"Wall","17":"instanceListItem2_22","18":9,"19":58,"20":3,"21":8,"22":0,"23":[0,0,0,"1"],"24":"Wall","25":"instanceListItem2_23","26":15,"27":60,"28":3,"29":14,"30":0,"31":[0,0,0,"1"],"32":"Wall","33":"instanceListItem2_24","34":22,"35":58.5,"36":3,"37":10,"38":0,"39":[0,0,0,"1"],"40":"Wall","41":"instanceListItem2_25","42":30,"43":58.5,"44":3,"45":10,"46":0,"47":[0,0,0,"1"],"48":"Wall","49":"instanceListItem2_26","50":40,"51":58.5,"52":3,"53":10,"54":0,"55":[0,0,0,"1"],"56":"Wall","57":"instanceListItem2_27","58":35,"59":62,"60":8,"61":3,"62":0,"63":[0,0,0,"1"],"64":"Wall","65":"instanceListItem2_30","66":22,"67":66,"68":3,"69":3,"70":0,"71":[0,0,0,"1"]}