{"0":"Ball","1":"window[\"Ball\"] = function(renderableObj) {\n    GameObject.call(this, renderableObj);\n    this.mDX = 0.07;\n    this.mDY = 0.07;\n    this.mCircleBound = true;\n    this.mCollidableFlag = true;\n    this.mCollisionPixelFlag = false;\n    this.mDestroy = false;\n}\ngEngine.View.inheritPrototype(window[\"Ball\"], window[\"GameObject\"]);\n\nBall.prototype.update = function() {\n    GameObject.prototype.update.call(this);\n    move(this, this.mDX, this.mDY);\n};\n\nBall.prototype.draw = function(aCamera) {\n    GameObject.prototype.draw.call(this, aCamera);\n};\n\nBall.prototype.onCollisionStay = function(otherObj) {\n    \n};\n\nBall.prototype.onCollisionEnter = function(otherObj) {\n    if (otherObj instanceof Brick || otherObj instanceof Wall || otherObj instanceof Paddle) {\n        this.bounce();\n    }\n    \n    if (otherObj instanceof OutOfBounds) {\n        switchScene(\"Lose\");\n    }\n};\n\nBall.prototype.onCollisionExit = function(otherObj) {\n    \n};\n\nBall.prototype.bounce = function() {\n    if ((this.mDX > 0 && this.mDY > 0) || (this.mDX < 0 && this.mDY < 0) || (this.mDY !== 0 && this.mDX === 0)) {\n        this.mDY *= -1;\n    } else if ((this.mDX > 0 && this.mDY < 0) || (this.mDX < 0 && this.mDY > 0) || (this.mDY === 0 && this.mDX !== 0)) {\n        this.mDX *= -1;\n    } else {\n        //Do nothing\n    }\n\n}","3":20,"4":60,"5":2,"6":2,"7":0,"8":[1,1,1,1]}