{"0":"Paddle","1":"window[\"Paddle\"] = function(renderableObj) {\n    GameObject.call(this, renderableObj);\n    this.mCollidableFlag = true;\n    this.mCollisionPixelFlag = false;\n    this.mDestroy = false;\n}\ngEngine.View.inheritPrototype(window[\"Paddle\"], window[\"GameObject\"]);\n\nPaddle.prototype.update = function() {\n    GameObject.prototype.update.call(this);\n    var xf = this.getXform();\n    if (gEngine.Input.isKeyPressed(gEngine.Input.keys.Left)) {\n        xf.setXPos(xf.getXPos() - 0.2);\n    }\n    \n    if (gEngine.Input.isKeyPressed(gEngine.Input.keys.Right)) {\n        xf.setXPos(xf.getXPos() + 0.2);\n    }\n    \n    if (gEngine.Input.isKeyClicked(gEngine.Input.keys.Space)) {\n        var ball = new Ball(new Renderable());\n        var ballxf = ball.getXform();\n        ballxf.setXPos(25);\n        ballxf.setYPos(58);\n        gGuiBase.SceneSupport.gCurrentScene.addInstance(ball);\n    }\n};\n\nPaddle.prototype.draw = function(aCamera) {\n    GameObject.prototype.draw.call(this, aCamera);\n};\n\nPaddle.prototype.onCollisionStay = function(otherObj) {\n    \n};\n\nPaddle.prototype.onCollisionEnter = function(otherObj) {\n    \n};\n\nPaddle.prototype.onCollisionExit = function(otherObj) {\n    \n};","3":20,"4":45,"5":8,"6":2,"7":0,"8":[1,1,1,1]}