{"0":"Wall","1":"window[\"Wall\"] = function(renderableObj) {\n    GameObject.call(this, renderableObj);\n    this.mCollidableFlag = true;\n    this.mCollisionPixelFlag = false;\n    this.mDestroy = false;\n}\ngEngine.View.inheritPrototype(window[\"Wall\"], window[\"GameObject\"]);\n\nWall.prototype.update = function() {\n    GameObject.prototype.update.call(this);\n};\n\nWall.prototype.draw = function(aCamera) {\n    GameObject.prototype.draw.call(this, aCamera);\n};\n\nWall.prototype.onCollisionStay = function(otherObj) {\n    \n};\n\nWall.prototype.onCollisionEnter = function(otherObj) {\n    \n};\n\nWall.prototype.onCollisionExit = function(otherObj) {\n    \n};","3":20,"4":60,"5":5,"6":5,"7":0,"8":[1,1,1,1]}