{"0":"GameObj3","1":"window[\"GameObj3\"] = function(renderableObj) {\n    GameObject.call(this, renderableObj);\n    this.mCollidableFlag = false;\n    this.mCollisionPixelFlag = false;\n    this.mDestroy = false;\n}\ngEngine.View.inheritPrototype(window[\"GameObj3\"], window[\"GameObject\"]);\n\nGameObj3.prototype.update = function() {\n    GameObject.prototype.update.call(this);\n};\n\nGameObj3.prototype.draw = function(aCamera) {\n    GameObject.prototype.draw.call(this, aCamera);\n};\n\nGameObj3.prototype.onCollisionStay = function(otherObj) {\n    \n};\n\nGameObj3.prototype.onCollisionEnter = function(otherObj) {\n    \n};\n\nGameObj3.prototype.onCollisionExit = function(otherObj) {\n    \n};","3":20,"4":60,"5":5,"6":5,"7":0,"8":[1,1,1,1]}