{"0":"GameObj0","1":"window[\"GameObj0\"] = function(renderableObj) {\n    GameObject.call(this, renderableObj);\n    this.mCollidableFlag = false;\n    this.mCollisionPixelFlag = false;\n    this.mDestroy = false;\n    this.mDX = 0.7;\n    this.mDY = -0.7;\n}\ngEngine.View.inheritPrototype(window[\"GameObj0\"], window[\"GameObject\"]);\n\nGameObj0.prototype.update = function() {\n    GameObject.prototype.update.call(this);\n    move(this, this.mDX, this.mDY);\n};\n\nGameObj0.prototype.draw = function(aCamera) {\n    GameObject.prototype.draw.call(this, aCamera);\n};\n\nGameObj0.prototype.onCollisionStay = function(otherObj) {\n    \n};\n\nGameObj0.prototype.onCollisionEnter = function(otherObj) {\n    \n};\n\nGameObj0.prototype.onCollisionExit = function(otherObj) {\n    \n};","3":20,"4":60,"5":5,"6":5,"7":0,"8":[1,1,1,1]}