{"0":"objectListItem3","1":"window[\"Brick\"] = function(renderableObj) {\n    GameObject.call(this, renderableObj);\n    this.mCircleBound = false;\n    this.mCollidableFlag = true;\n    this.mCollisionPixelFlag = false;\n    this.mDestroy = false;\n}\ngEngine.Core.inheritPrototype(window[\"Brick\"], window[\"GameObject\"]);\n\nBrick.prototype.update = function() {\n    GameObject.prototype.update.call(this);\n};\n\nBrick.prototype.draw = function(aCamera) {\n    GameObject.prototype.draw.call(this, aCamera);\n};\n\nBrick.prototype.onCollisionStay = function(otherObj) {\n\n};\n\nBrick.prototype.onCollisionEnter = function(otherObj) {\n    if (otherObj instanceof Ball) {\n        this.mDestroy = true;\n    }\n};\n\nBrick.prototype.onCollisionExit = function(otherObj) {\n    \n};","2":1,"3":20,"4":72,"5":9,"6":3,"7":0,"8":[1,0,0,"1"]}