{"0":"objectListItem2","1":"window[\"Wall\"] = function(renderableObj) {\n    GameObject.call(this, renderableObj);\n    this.mCircleBound = false;\n    this.mCollidableFlag = true;\n    this.mCollisionPixelFlag = false;\n    this.mDestroy = false;\n}\ngEngine.Core.inheritPrototype(window[\"Wall\"], window[\"GameObject\"]);\n\nWall.prototype.update = function() {\n    GameObject.prototype.update.call(this);\n};\n\nWall.prototype.draw = function(aCamera) {\n    GameObject.prototype.draw.call(this, aCamera);\n};\n\nWall.prototype.onCollisionStay = function(otherObj) {\n    \n};\n\nWall.prototype.onCollisionEnter = function(otherObj) {\n    \n};\n\nWall.prototype.onCollisionExit = function(otherObj) {\n    \n};","2":1,"3":-5,"4":60,"5":3,"6":3,"7":0,"8":[0,0,0,"1"]}