{"0":"objectListItem5","1":"window[\"OutOfBounds\"] = function(renderableObj) {\n    GameObject.call(this, renderableObj);\n    this.mCircleBound = false;\n    this.mCollidableFlag = false;\n    this.mCollisionPixelFlag = false;\n    this.mDestroy = false;\n}\ngEngine.Core.inheritPrototype(window[\"OutOfBounds\"], window[\"GameObject\"]);\n\nOutOfBounds.prototype.update = function() {\n    GameObject.prototype.update.call(this);\n};\n\nOutOfBounds.prototype.draw = function(aCamera) {\n    GameObject.prototype.draw.call(this, aCamera);\n};\n\nOutOfBounds.prototype.onCollisionStay = function(otherObj) {\n    \n};\n\nOutOfBounds.prototype.onCollisionEnter = function(otherObj) {\n    \n};\n\nOutOfBounds.prototype.onCollisionExit = function(otherObj) {\n    \n};","2":1,"3":20,"4":60,"5":5,"6":5,"7":0,"8":[1,1,1,1]}