{"0":"objectListItem4","1":"window[\"ScoreKeeper\"] = function(renderableObj) {\n    GameObject.call(this, renderableObj);\n    this.mCircleBound = false;\n    this.mCollidableFlag = false;\n    this.mCollisionPixelFlag = false;\n    this.mDestroy = false;\n}\ngEngine.Core.inheritPrototype(window[\"ScoreKeeper\"], window[\"GameObject\"]);\n\nScoreKeeper.prototype.update = function() {\n    //GameObject.prototype.update.call(this);\n    var i;\n    var list = gCurrentScene.getInstanceList();\n    var count = 0;\n    for (i = 0; i < list.length; i++) {\n        if (list[i] instanceof Brick) {\n            count++;\n        }\n    }\n    if (count === 0) {\n        switchScene(\"Win\");\n    }\n};\n\nScoreKeeper.prototype.draw = function(aCamera) {\n    //GameObject.prototype.draw.call(this, aCamera);\n};\n\nScoreKeeper.prototype.onCollisionStay = function(otherObj) {\n    \n};\n\nScoreKeeper.prototype.onCollisionEnter = function(otherObj) {\n    \n};\n\nScoreKeeper.prototype.onCollisionExit = function(otherObj) {\n    \n};","2":1,"3":20,"4":60,"5":5,"6":5,"7":0,"8":[1,1,1,1]}