{"0":"Wall","1":"instanceListItem2_31","2":0,"3":60,"4":3,"5":14,"6":0,"7":[0,0,0,"1"],"8":"Wall","9":"instanceListItem2_32","10":2,"11":54,"12":7,"13":3,"14":0,"15":[0,0,0,"1"],"16":"Wall","17":"instanceListItem2_33","18":10,"19":57,"20":3,"21":10,"22":0,"23":[0,0,0,"1"],"24":"Wall","25":"instanceListItem2_34","26":16,"27":57,"28":3,"29":10,"30":0,"31":[0,0,0,"1"],"32":"Wall","33":"instanceListItem2_35","34":14,"35":53.5,"36":7,"37":3,"38":0,"39":[0,0,0,"1"],"40":"Wall","41":"instanceListItem2_36","42":14,"43":60.5,"44":6,"45":3,"46":0,"47":[0,0,0,"1"],"48":"Wall","49":"instanceListItem2_37","50":24,"51":61,"52":8,"53":3,"54":0,"55":[0,0,0,"1"],"56":"Wall","57":"instanceListItem2_38","58":24,"59":54,"60":8,"61":3,"62":0,"63":[0,0,0,"1"],"64":"Wall","65":"instanceListItem2_39","66":24,"67":57.5,"68":8.5,"69":3,"70":-50,"71":[0,0,0,"1"],"72":"Wall","73":"instanceListItem2_40","74":34,"75":61,"76":8,"77":3,"78":0,"79":[0,0,0,"1"],"80":"Wall","81":"instanceListItem2_41","82":34,"83":54,"84":8,"85":3,"86":0,"87":[0,0,0,"1"],"88":"Wall","89":"instanceListItem2_42","90":31.5,"91":57,"92":3,"93":7,"94":0,"95":[0,0,0,"1"],"96":"Wall","97":"instanceListItem2_43","98":36.5,"99":60,"100":3,"101":5,"102":0,"103":[0,0,0,"1"],"104":"Wall","105":"instanceListItem2_44","106":34,"107":56.5,"108":2,"109":3,"110":0,"111":[0,0,0,"1"]}